Datetime,Water Level (m)
2025-03-24 12:00:00,-0.6358096
2025-03-24 13:00:00,-0.56008106
2025-03-24 14:00:00,-0.38799497
2025-03-24 15:00:00,-0.19300562
2025-03-24 16:00:00,0.035400607
2025-03-24 17:00:00,0.26410082
2025-03-24 18:00:00,0.39328068
2025-03-24 19:00:00,0.37326288
2025-03-24 20:00:00,0.21056496
2025-03-24 21:00:00,0.0014837782
2025-03-24 22:00:00,-0.18634063
2025-03-24 23:00:00,-0.36057323
2025-03-25 00:00:00,-0.53826135
2025-03-25 01:00:00,-0.67076343
2025-03-25 02:00:00,-0.7586075
2025-03-25 03:00:00,-0.6878735
2025-03-25 04:00:00,-0.43521857
2025-03-25 05:00:00,-0.19822043
2025-03-25 06:00:00,0.022587039
2025-03-25 07:00:00,0.13575788
2025-03-25 08:00:00,0.14042285
2025-03-25 09:00:00,0.0024257374
2025-03-25 10:00:00,-0.17283888
2025-03-25 11:00:00,-0.34428015
2025-03-25 12:00:00,-0.5061981
2025-03-25 13:00:00,-0.6335876
2025-03-25 14:00:00,-0.6882879
2025-03-25 15:00:00,-0.46817324
2025-03-25 16:00:00,-0.19090734
2025-03-25 17:00:00,0.11603965
2025-03-25 18:00:00,0.4177458
2025-03-25 19:00:00,0.603891
2025-03-25 20:00:00,0.6014427
2025-03-25 21:00:00,0.39832738
2025-03-25 22:00:00,0.14923424
2025-03-25 23:00:00,-0.062995866
2025-03-26 00:00:00,-0.2568379
2025-03-26 01:00:00,-0.46262032
2025-03-26 02:00:00,-0.6213569
2025-03-26 03:00:00,-0.7255094
2025-03-26 04:00:00,-0.55628914
2025-03-26 05:00:00,-0.20950392
2025-03-26 06:00:00,0.08876518
2025-03-26 07:00:00,0.35430193
2025-03-26 08:00:00,0.4603327
2025-03-26 09:00:00,0.39463124
2025-03-26 10:00:00,0.16630821
2025-03-26 11:00:00,-0.03994517
2025-03-26 12:00:00,-0.2311259
2025-03-26 13:00:00,-0.42189488
2025-03-26 14:00:00,-0.5829401
2025-03-26 15:00:00,-0.65080464
2025-03-26 16:00:00,-0.34304842
2025-03-26 17:00:00,-0.015168225
2025-03-26 18:00:00,0.36265254
2025-03-26 19:00:00,0.6864897
2025-03-26 20:00:00,0.84900427
2025-03-26 21:00:00,0.768439
2025-03-26 22:00:00,0.49483097
2025-03-26 23:00:00,0.23201236
2025-03-27 00:00:00,0.010323229
2025-03-27 01:00:00,-0.19932017
2025-03-27 02:00:00,-0.4171575
2025-03-27 03:00:00,-0.5760381
2025-03-27 04:00:00,-0.6478475
2025-03-27 05:00:00,-0.26264125
2025-03-27 06:00:00,0.10363378
2025-03-27 07:00:00,0.48540902
2025-03-27 08:00:00,0.7093145
2025-03-27 09:00:00,0.76060045
2025-03-27 10:00:00,0.5614352
2025-03-27 11:00:00,0.2892753
2025-03-27 12:00:00,0.062559314
2025-03-27 13:00:00,-0.13302453
2025-03-27 14:00:00,-0.34591296
2025-03-27 15:00:00,-0.5221688
2025-03-27 16:00:00,-0.57952493
2025-03-27 17:00:00,-0.13310134
2025-03-27 18:00:00,0.25646585
2025-03-27 19:00:00,0.706193
2025-03-27 20:00:00,0.9848473
2025-03-27 21:00:00,1.0812665
2025-03-27 22:00:00,0.87373704
2025-03-27 23:00:00,0.56038785
2025-03-28 00:00:00,0.29469624
2025-03-28 01:00:00,0.073782206
2025-03-28 02:00:00,-0.15605742
2025-03-28 03:00:00,-0.37214795
2025-03-28 04:00:00,-0.52370167
2025-03-28 05:00:00,-0.46472085
2025-03-28 06:00:00,0.081744306
2025-03-28 07:00:00,0.50518864
2025-03-28 08:00:00,0.8904441
2025-03-28 09:00:00,1.0399923
2025-03-28 10:00:00,0.97230875
2025-03-28 11:00:00,0.6625117
2025-03-28 12:00:00,0.3863816
2025-03-28 13:00:00,0.15755016
2025-03-28 14:00:00,-0.06077749
2025-03-28 15:00:00,-0.28480312
2025-03-28 16:00:00,-0.4552372
2025-03-28 17:00:00,-0.42765787
2025-03-28 18:00:00,0.11546378
2025-03-28 19:00:00,0.5723495
2025-03-28 20:00:00,1.0208851
2025-03-28 21:00:00,1.2173082
2025-03-28 22:00:00,1.1825811
2025-03-28 23:00:00,0.8615067
2025-03-29 00:00:00,0.5495474
2025-03-29 01:00:00,0.30272794
2025-03-29 02:00:00,0.07073791
2025-03-29 03:00:00,-0.16970077
2025-03-29 04:00:00,-0.36971417
2025-03-29 05:00:00,-0.5059257
2025-03-29 06:00:00,-0.14660206
2025-03-29 07:00:00,0.35481486
2025-03-29 08:00:00,0.8487278
2025-03-29 09:00:00,1.1376097
2025-03-29 10:00:00,1.2144552
2025-03-29 11:00:00,0.9919092
2025-03-29 12:00:00,0.6642045
2025-03-29 13:00:00,0.3938823
2025-03-29 14:00:00,0.16834924
2025-03-29 15:00:00,-0.07194242
2025-03-29 16:00:00,-0.29188582
2025-03-29 17:00:00,-0.44898057
2025-03-29 18:00:00,-0.27736235
2025-03-29 19:00:00,0.3047938
2025-03-29 20:00:00,0.7956954
2025-03-29 21:00:00,1.1536826
2025-03-29 22:00:00,1.2474387
2025-03-29 23:00:00,1.0651509
2025-03-30 00:00:00,0.72212213
2025-03-30 01:00:00,0.43997592
2025-03-30 02:00:00,0.20958416
2025-03-30 03:00:00,-0.035785686
2025-03-30 04:00:00,-0.2610151
2025-03-30 05:00:00,-0.43757653
2025-03-30 06:00:00,-0.5215514
2025-03-30 07:00:00,0.099162444
2025-03-30 08:00:00,0.56655574
2025-03-30 09:00:00,1.0524551
2025-03-30 10:00:00,1.2457643
2025-03-30 11:00:00,1.2253556
2025-03-30 12:00:00,0.9049706
